scenario_id,intended_label,variant,pcap_path,bytes,sha256,generation_script,evidence_summary,safety_notes,limitations
synthetic_ta43_01_v1,TA43_01,1,datasets/public/synthetic_controlled/raw/ta43_01/synthetic_ta43_01_v1.pcap,3224,5a3c6dcbeee0ccab01ce741ebc74c75f99f8e05002bb183e8e1f9d093c3bcfe3,scripts/generate_controlled_pcaps/generate_safe_http_scenarios.py,TCP connect attempts across 20 closed localhost ports.,localhost only; fixed responses; no command execution; uploads discarded; no real malware,synthetic_controlled; coverage/pipeline boundary testing only; never external or strict evidence
synthetic_ta43_01_v2,TA43_01,2,datasets/public/synthetic_controlled/raw/ta43_01/synthetic_ta43_01_v2.pcap,3224,1f456f8669259111018fdc03d6544ebc107df59eb24359e4b92499515b87eb81,scripts/generate_controlled_pcaps/generate_safe_http_scenarios.py,TCP connect attempts across 20 closed localhost ports.,localhost only; fixed responses; no command execution; uploads discarded; no real malware,synthetic_controlled; coverage/pipeline boundary testing only; never external or strict evidence
synthetic_ta43_01_v3,TA43_01,3,datasets/public/synthetic_controlled/raw/ta43_01/synthetic_ta43_01_v3.pcap,3224,7b1d7b74c05a166a6fdd94fdef2a778b1ea080104583272979760f940fc9060d,scripts/generate_controlled_pcaps/generate_safe_http_scenarios.py,TCP connect attempts across 20 closed localhost ports.,localhost only; fixed responses; no command execution; uploads discarded; no real malware,synthetic_controlled; coverage/pipeline boundary testing only; never external or strict evidence
synthetic_ta43_02_v1,TA43_02,1,datasets/public/synthetic_controlled/raw/ta43_02/synthetic_ta43_02_v1.pcap,10805,7ea6606b4d4ebb435b3c64de8fc2cb61f159378c76126ff090cc27b723110eb1,scripts/generate_controlled_pcaps/generate_safe_http_scenarios.py,"Nmap-NSE/Nikto-labelled HTTP service, version and scanner-path probes.",localhost only; fixed responses; no command execution; uploads discarded; no real malware,synthetic_controlled; coverage/pipeline boundary testing only; never external or strict evidence
synthetic_ta43_02_v2,TA43_02,2,datasets/public/synthetic_controlled/raw/ta43_02/synthetic_ta43_02_v2.pcap,10805,49e6ccdb827b5e20161cf2ea1d3197e60004fc851658133a7867de1449782d3c,scripts/generate_controlled_pcaps/generate_safe_http_scenarios.py,"Nmap-NSE/Nikto-labelled HTTP service, version and scanner-path probes.",localhost only; fixed responses; no command execution; uploads discarded; no real malware,synthetic_controlled; coverage/pipeline boundary testing only; never external or strict evidence
synthetic_ta43_02_v3,TA43_02,3,datasets/public/synthetic_controlled/raw/ta43_02/synthetic_ta43_02_v3.pcap,10805,773a07976eb326a5e785844b5c8ac8065bb0d78ab0e3bd0748185b92d76ebd6d,scripts/generate_controlled_pcaps/generate_safe_http_scenarios.py,"Nmap-NSE/Nikto-labelled HTTP service, version and scanner-path probes.",localhost only; fixed responses; no command execution; uploads discarded; no real malware,synthetic_controlled; coverage/pipeline boundary testing only; never external or strict evidence
synthetic_ta01_01_v1,TA01_01,1,datasets/public/synthetic_controlled/raw/ta01_01/synthetic_ta01_01_v1.pcap,15854,08778942787023607eab5b9cfe1f066c3bfa8afd43c3db9768f5a0867e3628c3,scripts/generate_controlled_pcaps/generate_safe_http_scenarios.py,Ten repeated POST /login requests receive fixed 401 responses.,localhost only; fixed responses; no command execution; uploads discarded; no real malware,synthetic_controlled; coverage/pipeline boundary testing only; never external or strict evidence
synthetic_ta01_01_v2,TA01_01,2,datasets/public/synthetic_controlled/raw/ta01_01/synthetic_ta01_01_v2.pcap,15854,7629b41a758ffba7aaf26ae86b49c5ad14c1aeb72695dc46dbe2e4307653d661,scripts/generate_controlled_pcaps/generate_safe_http_scenarios.py,Ten repeated POST /login requests receive fixed 401 responses.,localhost only; fixed responses; no command execution; uploads discarded; no real malware,synthetic_controlled; coverage/pipeline boundary testing only; never external or strict evidence
synthetic_ta01_01_v3,TA01_01,3,datasets/public/synthetic_controlled/raw/ta01_01/synthetic_ta01_01_v3.pcap,15854,2de72479171a95d4a54c7d0a68d3eab77c84e630ab300991c800da2280176528,scripts/generate_controlled_pcaps/generate_safe_http_scenarios.py,Ten repeated POST /login requests receive fixed 401 responses.,localhost only; fixed responses; no command execution; uploads discarded; no real malware,synthetic_controlled; coverage/pipeline boundary testing only; never external or strict evidence
synthetic_ta01_02_v1,TA01_02,1,datasets/public/synthetic_controlled/raw/ta01_02/synthetic_ta01_02_v1.pcap,5544,c4932a8afdc1f36337cec24a247ca735cebf234140fb049d855ebbabfe1f0b38,scripts/generate_controlled_pcaps/generate_safe_http_scenarios.py,Traversal/injection-shaped URI strings receive fixed 400 responses; nothing executes.,localhost only; fixed responses; no command execution; uploads discarded; no real malware,synthetic_controlled; coverage/pipeline boundary testing only; never external or strict evidence
synthetic_ta01_02_v2,TA01_02,2,datasets/public/synthetic_controlled/raw/ta01_02/synthetic_ta01_02_v2.pcap,5544,75dc5587e55ac8d7128acf51adcad111c0a09ecbacc44efd248d6848e057a627,scripts/generate_controlled_pcaps/generate_safe_http_scenarios.py,Traversal/injection-shaped URI strings receive fixed 400 responses; nothing executes.,localhost only; fixed responses; no command execution; uploads discarded; no real malware,synthetic_controlled; coverage/pipeline boundary testing only; never external or strict evidence
synthetic_ta01_02_v3,TA01_02,3,datasets/public/synthetic_controlled/raw/ta01_02/synthetic_ta01_02_v3.pcap,5544,817546a1bd299076d827cbfd2a7fd27836bf30ac3aba0d7944c6499abcb0c8b6,scripts/generate_controlled_pcaps/generate_safe_http_scenarios.py,Traversal/injection-shaped URI strings receive fixed 400 responses; nothing executes.,localhost only; fixed responses; no command execution; uploads discarded; no real malware,synthetic_controlled; coverage/pipeline boundary testing only; never external or strict evidence
synthetic_ta03_01_v1,TA03_01,1,datasets/public/synthetic_controlled/raw/ta03_01/synthetic_ta03_01_v1.pcap,4851,71fcaecded5a3d919e239783e3096dff8abd1743c4facaa585bee71729b76bbb,scripts/generate_controlled_pcaps/generate_safe_http_scenarios.py,POST upload of a non-executable marker receives fixed 201; server discards it.,localhost only; fixed responses; no command execution; uploads discarded; no real malware,synthetic_controlled; coverage/pipeline boundary testing only; never external or strict evidence
synthetic_ta03_01_v2,TA03_01,2,datasets/public/synthetic_controlled/raw/ta03_01/synthetic_ta03_01_v2.pcap,4851,aa53f970b49478c3f2fb23598297ab1f2ee79c7b8f17a170b2a730ef6cd00afe,scripts/generate_controlled_pcaps/generate_safe_http_scenarios.py,POST upload of a non-executable marker receives fixed 201; server discards it.,localhost only; fixed responses; no command execution; uploads discarded; no real malware,synthetic_controlled; coverage/pipeline boundary testing only; never external or strict evidence
synthetic_ta03_01_v3,TA03_01,3,datasets/public/synthetic_controlled/raw/ta03_01/synthetic_ta03_01_v3.pcap,4851,dc292c2799ae7c5ed78c7fb0471d526db442b46a132091ab30429b2b91cca3d2,scripts/generate_controlled_pcaps/generate_safe_http_scenarios.py,POST upload of a non-executable marker receives fixed 201; server discards it.,localhost only; fixed responses; no command execution; uploads discarded; no real malware,synthetic_controlled; coverage/pipeline boundary testing only; never external or strict evidence
synthetic_ta11_01_v1,TA11_01,1,datasets/public/synthetic_controlled/raw/ta11_01/synthetic_ta11_01_v1.pcap,4185,390a2ac8dc6484fc45bc86af21d2242b6c856e31d759cb5fa080fb3a0744c377,scripts/generate_controlled_pcaps/generate_safe_http_scenarios.py,Client visits a mock-webshell control URI; endpoint returns fixed status only.,localhost only; fixed responses; no command execution; uploads discarded; no real malware,synthetic_controlled; coverage/pipeline boundary testing only; never external or strict evidence
synthetic_ta11_01_v2,TA11_01,2,datasets/public/synthetic_controlled/raw/ta11_01/synthetic_ta11_01_v2.pcap,4185,fa515a45e590fcdcb4800f6eb88a201e41bde7bb6e42dcd2544f04ffdc860bd6,scripts/generate_controlled_pcaps/generate_safe_http_scenarios.py,Client visits a mock-webshell control URI; endpoint returns fixed status only.,localhost only; fixed responses; no command execution; uploads discarded; no real malware,synthetic_controlled; coverage/pipeline boundary testing only; never external or strict evidence
synthetic_ta11_01_v3,TA11_01,3,datasets/public/synthetic_controlled/raw/ta11_01/synthetic_ta11_01_v3.pcap,4185,096aa094bbfac4881351cc2f33aea1f8ef757c662ce164ac6b55eedf6e41a8fd,scripts/generate_controlled_pcaps/generate_safe_http_scenarios.py,Client visits a mock-webshell control URI; endpoint returns fixed status only.,localhost only; fixed responses; no command execution; uploads discarded; no real malware,synthetic_controlled; coverage/pipeline boundary testing only; never external or strict evidence
synthetic_ta11_02_v1,TA11_02,1,datasets/public/synthetic_controlled/raw/ta11_02/synthetic_ta11_02_v1.pcap,12552,399071ee60a5f040d88d52bfd9ba28f8ece9a623999cca6e84e2ba3dc58fe53b,scripts/generate_controlled_pcaps/generate_safe_http_scenarios.py,Eight localhost callbacks send a fixed heartbeat string to a dummy endpoint.,localhost only; fixed responses; no command execution; uploads discarded; no real malware,synthetic_controlled; coverage/pipeline boundary testing only; never external or strict evidence
synthetic_ta11_02_v2,TA11_02,2,datasets/public/synthetic_controlled/raw/ta11_02/synthetic_ta11_02_v2.pcap,12552,7a0966d4ed7a3af719bce1435df044babbd9ee1dec2bb787fbae6285c81a5c3e,scripts/generate_controlled_pcaps/generate_safe_http_scenarios.py,Eight localhost callbacks send a fixed heartbeat string to a dummy endpoint.,localhost only; fixed responses; no command execution; uploads discarded; no real malware,synthetic_controlled; coverage/pipeline boundary testing only; never external or strict evidence
synthetic_ta11_02_v3,TA11_02,3,datasets/public/synthetic_controlled/raw/ta11_02/synthetic_ta11_02_v3.pcap,12552,4e2b5632970ac9638cd1ed199ebcbe32a6c0ae5bee2ed547b319b1eadb820479,scripts/generate_controlled_pcaps/generate_safe_http_scenarios.py,Eight localhost callbacks send a fixed heartbeat string to a dummy endpoint.,localhost only; fixed responses; no command execution; uploads discarded; no real malware,synthetic_controlled; coverage/pipeline boundary testing only; never external or strict evidence
synthetic_tn01_01_v1,TN01_01,1,datasets/public/synthetic_controlled/raw/tn01_01/synthetic_tn01_01_v1.pcap,4023,147d7d6ea850fd427b4eb7c744fbc38644421c5b32f2044f03e83454dcc34bbe,scripts/generate_controlled_pcaps/generate_safe_http_scenarios.py,"Ordinary localhost HTTP GET requests for index, documentation and health.",localhost only; fixed responses; no command execution; uploads discarded; no real malware,synthetic_controlled; coverage/pipeline boundary testing only; never external or strict evidence
synthetic_tn01_01_v2,TN01_01,2,datasets/public/synthetic_controlled/raw/tn01_01/synthetic_tn01_01_v2.pcap,4023,305d8bd0cd96c71465b90eef0de5ff5201746bb414e18077d46ef3cf90074e59,scripts/generate_controlled_pcaps/generate_safe_http_scenarios.py,"Ordinary localhost HTTP GET requests for index, documentation and health.",localhost only; fixed responses; no command execution; uploads discarded; no real malware,synthetic_controlled; coverage/pipeline boundary testing only; never external or strict evidence
synthetic_tn01_01_v3,TN01_01,3,datasets/public/synthetic_controlled/raw/tn01_01/synthetic_tn01_01_v3.pcap,4023,b59c27b2552e5a068f4c099633abaf653cf1673d2e28d91fc9c969de66340dbb,scripts/generate_controlled_pcaps/generate_safe_http_scenarios.py,"Ordinary localhost HTTP GET requests for index, documentation and health.",localhost only; fixed responses; no command execution; uploads discarded; no real malware,synthetic_controlled; coverage/pipeline boundary testing only; never external or strict evidence
feasibility_portscan_local,TA43_01,0,datasets/public/feasibility/raw/portscan/generated_nmap_local_scan.pcap,95168,b32b5f8bdf170ec9c6ea42e12932ce63f51e9b752f99207dd632be6c9f456a7a,historical controlled Python TCP-connect fixture,Controlled localhost scan_group with 181 unique destination ports.,localhost only; no public target,synthetic_controlled historical fixture; never external or strict evidence
